{"cameraMode":{"drawMode":0,"name":"Shaded","section":"Shading Mode"},"sceneLighting":false,"audioPlay":false,"sceneViewState":{"showFog":false,"showMaterialUpdate":false,"showSkybox":false,"showFlares":false,"showImageEffects":false,"showParticleSystems":false},"in2DMode":false,"pivot":{"x":-37.6616096496582,"y":0.6426097750663757,"z":-6.9332990646362309},"rotation":{"x":-0.1600157469511032,"y":-0.03874882683157921,"z":0.006286419928073883,"w":-0.9863336086273193},"size":2.7212531566619875,"orthographic":false}