{"cameraMode":{"drawMode":0,"name":"Shaded","section":"Shading Mode"},"sceneLighting":false,"audioPlay":false,"sceneViewState":{"showFog":false,"showMaterialUpdate":false,"showSkybox":false,"showFlares":false,"showImageEffects":false,"showParticleSystems":false},"in2DMode":false,"pivot":{"x":-3.4024243354797365,"y":0.48282575607299807,"z":-2.2478437423706056},"rotation":{"x":0.09276546537876129,"y":-0.8209530711174011,"z":0.13951614499092103,"w":0.5458625555038452},"size":3.0754587650299074,"orthographic":false}