{"cameraMode":{"drawMode":0,"name":"Shaded","section":"Shading Mode"},"sceneLighting":false,"audioPlay":false,"sceneViewState":{"showFog":false,"showMaterialUpdate":false,"showSkybox":false,"showFlares":false,"showImageEffects":false,"showParticleSystems":false},"in2DMode":false,"pivot":{"x":-16.670000076293947,"y":0.5884430408477783,"z":19.299999237060548},"rotation":{"x":0.2388010174036026,"y":0.6903777122497559,"z":-0.2613009214401245,"w":0.6309314966201782},"size":4.283278465270996,"orthographic":false}